{
    "0": 1,
    "1": 1.25,
    "2": 1.5625,
    "3": 1.953125,
    "4": 2.44140625,
    "5": 3.0517578125,
    "6": 3.814697265625,
    "7": 4.76837158203125,
    "8": 5.9604644775390625,
    "9": 7.450580596923828,
    "10": 9.313225746154785,
    "11": 11.641532182693481,
    "12": 14.551915228366852,
    "13": 18.189894035458565,
    "14": 22.737367544323206,
    "15": 28.421709430404007,
    "16": 35.52713678800501,
    "17": 44.40892098500626,
    "18": 55.51115123125783,
    "19": 69.38893903907228,
    "20": 86.73617379884035,
    "21": 108.42021724855044,
    "22": 135.52527156068805,
    "23": 169.40658945086005,
    "24": 211.75823681357508,
    "25": 264.6977960169688,
    "26": 330.87224502121103,
    "27": 413.5903062765138,
    "28": 516.9878828456423,
    "29": 646.2348535570528,
    "30": 807.793566946316,
    "31": 1009.741958682895,
    "32": 1262.1774483536187,
    "33": 1577.7218104420235,
    "34": 1972.1522630525294,
    "35": 2465.190328815662,
    "36": 3081.487911019577,
    "37": 3851.859888774471,
    "38": 4814.824860968089,
    "39": 6018.531076210111,
    "40": 7523.1638452626385,
    "41": 9403.954806578298,
    "42": 11754.943508222874,
    "43": 14693.679385278592,
    "44": 18367.09923159824,
    "45": 22958.8740394978,
    "46": 28698.592549372253,
    "47": 35873.24068671532,
    "48": 44841.55085839415,
    "49": 56051.93857299269
}
